customer_id,first_name,last_name,email
1,Drew,Chen,drew_chen1@gmail.com
2,Mia,Johnson,mia_johnson2@gmail.com
3,Pat,Smith,pat_smith3@gmail.com
4,Jamie,Walker,jamie_walker4@gmail.com
5,Drew,Garcia,drew_garcia5@gmail.com
6,Pat,Park,pat_park6@gmail.com
7,Drew,Brown,drew_brown7@gmail.com
8,Reese,Garcia,reese_garcia8@gmail.com
9,Lee,Robinson,lee_robinson9@gmail.com
10,Riley,Davis,riley_davis10@gmail.com
11,Olivia,Wong,olivia_wong11@gmail.com
12,Quinn,Lopez,quinn_lopez12@gmail.com
13,Shawn,Lewis,shawn_lewis13@gmail.com
14,Riley,Kim,riley_kim14@gmail.com
15,Sky,Wong,sky_wong15@gmail.com
16,Sky,Martinez,sky_martinez16@gmail.com
17,Chris,Chen,chris_chen17@gmail.com
18,Devon,Martinez,devon_martinez18@gmail.com
19,Alex,Lewis,alex_lewis19@gmail.com
20,Emma,Lopez,emma_lopez20@gmail.com
21,Alex,Chen,alex_chen21@gmail.com
22,Liam,Garcia,liam_garcia22@gmail.com
23,Sophia,Walker,sophia_walker23@gmail.com
24,Riley,Johnson,riley_johnson24@gmail.com
25,Morgan,Lopez,morgan_lopez25@gmail.com
26,Morgan,Walker,morgan_walker26@gmail.com
27,Riley,Clark,riley_clark27@gmail.com
28,Sam,Lewis,sam_lewis28@gmail.com
29,Lee,Martinez,lee_martinez29@gmail.com
30,Isabella,Lee,isabella_lee30@gmail.com
31,Sam,Park,sam_park31@gmail.com
32,Parker,Smith,parker_smith32@gmail.com
33,Olivia,Robinson,olivia_robinson33@gmail.com
34,Liam,Garcia,liam_garcia34@gmail.com
35,Jamie,Walker,jamie_walker35@gmail.com
36,Drew,Lewis,drew_lewis36@gmail.com
37,Casey,Lee,casey_lee37@gmail.com
38,Riley,Johnson,riley_johnson38@gmail.com
39,Mia,Chen,mia_chen39@gmail.com
40,Casey,Nguyen,casey_nguyen40@gmail.com
41,Pat,Robinson,pat_robinson41@gmail.com
42,Chris,Garcia,chris_garcia42@gmail.com
43,Robin,Martinez,robin_martinez43@gmail.com
44,Alex,Lee,alex_lee44@gmail.com
45,Taylor,Wilson,taylor_wilson45@gmail.com
46,Jordan,Clark,jordan_clark46@gmail.com
47,Isabella,Garcia,isabella_garcia47@gmail.com
48,Isabella,Chen,isabella_chen48@gmail.com
49,Sophia,Davis,sophia_davis49@gmail.com
50,Sky,Lewis,sky_lewis50@gmail.com
51,Sophia,Park,sophia_park51@gmail.com
52,Parker,Young,parker_young52@gmail.com
53,Taylor,Chen,taylor_chen53@gmail.com
54,Noah,Hernandez,noah_hernandez54@gmail.com
55,Chris,Young,chris_young55@gmail.com
56,Drew,Robinson,drew_robinson56@gmail.com
57,Sky,Davis,sky_davis57@gmail.com
58,Sophia,Park,sophia_park58@gmail.com
59,Reese,Kim,reese_kim59@gmail.com
60,Jordan,Hernandez,jordan_hernandez60@gmail.com
61,Riley,Martinez,riley_martinez61@gmail.com
62,Sam,Smith,sam_smith62@gmail.com
63,Riley,Garcia,riley_garcia63@gmail.com
64,Avery,Kim,avery_kim64@gmail.com
65,Reese,Wong,reese_wong65@gmail.com
66,Quinn,Chen,quinn_chen66@gmail.com
67,Casey,Chen,casey_chen67@gmail.com
68,Liam,Hernandez,liam_hernandez68@gmail.com
69,Riley,Young,riley_young69@gmail.com
70,Isabella,Park,isabella_park70@gmail.com
71,Jamie,Lewis,jamie_lewis71@gmail.com
72,Sophia,Clark,sophia_clark72@gmail.com
73,Jordan,Wilson,jordan_wilson73@gmail.com
74,Drew,Garcia,drew_garcia74@gmail.com
75,Sam,Garcia,sam_garcia75@gmail.com
76,Alex,Davis,alex_davis76@gmail.com
77,Chris,Garcia,chris_garcia77@gmail.com
78,Robin,Garcia,robin_garcia78@gmail.com
79,Riley,Walker,riley_walker79@gmail.com
80,Liam,Lewis,liam_lewis80@gmail.com
81,Sam,Lopez,sam_lopez81@gmail.com
82,Quinn,Lopez,quinn_lopez82@gmail.com
83,Chris,Park,chris_park83@gmail.com
84,Jordan,Wilson,jordan_wilson84@gmail.com
85,Olivia,Smith,olivia_smith85@gmail.com
86,Noah,Young,noah_young86@gmail.com
87,Shawn,Smith,shawn_smith87@gmail.com
88,Olivia,Kim,olivia_kim88@gmail.com
89,Quinn,Nguyen,quinn_nguyen89@gmail.com
90,Chris,Walker,chris_walker90@gmail.com
91,Avery,Kim,avery_kim91@gmail.com
92,Reese,Lewis,reese_lewis92@gmail.com
93,Emma,Lee,emma_lee93@gmail.com
94,Jamie,Lopez,jamie_lopez94@gmail.com
95,Taylor,Davis,taylor_davis95@gmail.com
96,Isabella,Lewis,isabella_lewis96@gmail.com
97,Reese,Walker,reese_walker97@gmail.com
98,Morgan,Wong,morgan_wong98@gmail.com
99,Casey,Davis,casey_davis99@gmail.com
100,Emma,Lee,emma_lee100@gmail.com
101,Jamie,Wilson,jamie_wilson101@gmail.com
102,Liam,Davis,liam_davis102@gmail.com
103,Robin,Johnson,robin_johnson103@gmail.com
104,Devon,Young,devon_young104@gmail.com
105,Jamie,Johnson,jamie_johnson105@gmail.com
106,Olivia,Hernandez,olivia_hernandez106@gmail.com
107,Parker,Lee,parker_lee107@gmail.com
108,Jamie,Wilson,jamie_wilson108@gmail.com
109,Alex,Nguyen,alex_nguyen109@gmail.com
110,Pat,Kim,pat_kim110@gmail.com
111,Alex,Wong,alex_wong111@gmail.com
112,Alex,Park,alex_park112@gmail.com
113,Lee,Smith,lee_smith113@gmail.com
114,Robin,Hernandez,robin_hernandez114@gmail.com
115,Riley,Brown,riley_brown115@gmail.com
116,Pat,Smith,pat_smith116@gmail.com
117,Avery,Martinez,avery_martinez117@gmail.com
118,Robin,Wong,robin_wong118@gmail.com
119,Lee,Johnson,lee_johnson119@gmail.com
120,Pat,Lee,pat_lee120@gmail.com
121,Drew,Smith,drew_smith121@gmail.com
122,Riley,Wong,riley_wong122@gmail.com
123,Casey,Johnson,casey_johnson123@gmail.com
124,Sam,Martinez,sam_martinez124@gmail.com
125,Drew,Smith,drew_smith125@gmail.com
126,Alex,Kim,alex_kim126@gmail.com
127,Morgan,Lewis,morgan_lewis127@gmail.com
128,Taylor,Martinez,taylor_martinez128@gmail.com
129,Robin,Martinez,robin_martinez129@gmail.com
130,Taylor,Nguyen,taylor_nguyen130@gmail.com
131,Morgan,Hernandez,morgan_hernandez131@gmail.com
132,Casey,Walker,casey_walker132@gmail.com
133,Sky,Brown,sky_brown133@gmail.com
134,Shawn,Robinson,shawn_robinson134@gmail.com
135,Pat,Garcia,pat_garcia135@gmail.com
136,Olivia,Johnson,olivia_johnson136@gmail.com
137,Taylor,Wong,taylor_wong137@gmail.com
138,Morgan,Lewis,morgan_lewis138@gmail.com
139,Sky,Robinson,sky_robinson139@gmail.com
140,Quinn,Lopez,quinn_lopez140@gmail.com
141,Quinn,Chen,quinn_chen141@gmail.com
142,Sophia,Lewis,sophia_lewis142@gmail.com
143,Casey,Walker,casey_walker143@gmail.com
144,Reese,Martinez,reese_martinez144@gmail.com
145,Shawn,Garcia,shawn_garcia145@gmail.com
146,Devon,Lopez,devon_lopez146@gmail.com
147,Devon,Chen,devon_chen147@gmail.com
148,Pat,Chen,pat_chen148@gmail.com
149,Robin,Davis,robin_davis149@gmail.com
150,Liam,Robinson,liam_robinson150@gmail.com
151,Liam,Young,liam_young151@gmail.com
152,Alex,Martinez,alex_martinez152@gmail.com
153,Parker,Wilson,parker_wilson153@gmail.com
154,Taylor,Martinez,taylor_martinez154@gmail.com
155,Chris,Clark,chris_clark155@gmail.com
156,Isabella,Johnson,isabella_johnson156@gmail.com
157,Casey,Clark,casey_clark157@gmail.com
158,Shawn,Young,shawn_young158@gmail.com
159,Taylor,Walker,taylor_walker159@gmail.com
160,Morgan,Hernandez,morgan_hernandez160@gmail.com
161,Morgan,Park,morgan_park161@gmail.com
162,Lee,Garcia,lee_garcia162@gmail.com
163,Taylor,Lee,taylor_lee163@gmail.com
164,Avery,Smith,avery_smith164@gmail.com
165,Quinn,Park,quinn_park165@gmail.com
166,Devon,Hernandez,devon_hernandez166@gmail.com
167,Parker,Lee,parker_lee167@gmail.com
168,Drew,Nguyen,drew_nguyen168@gmail.com
169,Sam,Martinez,sam_martinez169@gmail.com
170,Olivia,Garcia,olivia_garcia170@gmail.com
171,Robin,Walker,robin_walker171@gmail.com
172,Reese,Nguyen,reese_nguyen172@gmail.com
173,Liam,Hernandez,liam_hernandez173@gmail.com
174,Riley,Smith,riley_smith174@gmail.com
175,Reese,Walker,reese_walker175@gmail.com
176,Reese,Smith,reese_smith176@gmail.com
177,Riley,Wilson,riley_wilson177@gmail.com
178,Sophia,Chen,sophia_chen178@gmail.com
179,Noah,Smith,noah_smith179@gmail.com
180,Jordan,Wong,jordan_wong180@gmail.com
181,Reese,Park,reese_park181@gmail.com
182,Morgan,Brown,morgan_brown182@gmail.com
183,Shawn,Nguyen,shawn_nguyen183@gmail.com
184,Sky,Brown,sky_brown184@gmail.com
185,Sam,Hernandez,sam_hernandez185@gmail.com
186,Pat,Wilson,pat_wilson186@gmail.com
187,Liam,Clark,liam_clark187@gmail.com
188,Reese,Nguyen,reese_nguyen188@gmail.com
189,Noah,Wilson,noah_wilson189@gmail.com
190,Mia,Lewis,mia_lewis190@gmail.com
191,Morgan,Lewis,morgan_lewis191@gmail.com
192,Alex,Lewis,alex_lewis192@gmail.com
193,Reese,Davis,reese_davis193@gmail.com
194,Sam,Clark,sam_clark194@gmail.com
195,Parker,Wong,parker_wong195@gmail.com
196,Drew,Wilson,drew_wilson196@gmail.com
197,Morgan,Martinez,morgan_martinez197@gmail.com
198,Sam,Wilson,sam_wilson198@gmail.com
199,Avery,Lopez,avery_lopez199@gmail.com
200,Shawn,Park,shawn_park200@gmail.com
201,Riley,Smith,riley_smith201@gmail.com
202,Olivia,Young,olivia_young202@gmail.com
203,Robin,Brown,robin_brown203@gmail.com
204,Shawn,Garcia,shawn_garcia204@gmail.com
205,Noah,Chen,noah_chen205@gmail.com
206,Quinn,Brown,quinn_brown206@gmail.com
207,Alex,Hernandez,alex_hernandez207@gmail.com
208,Chris,Smith,chris_smith208@gmail.com
209,Isabella,Johnson,isabella_johnson209@gmail.com
210,Alex,Clark,alex_clark210@gmail.com
211,Pat,Smith,pat_smith211@gmail.com
212,Reese,Brown,reese_brown212@gmail.com
213,Sam,Wong,sam_wong213@gmail.com
214,Isabella,Smith,isabella_smith214@gmail.com
215,Jamie,Robinson,jamie_robinson215@gmail.com
216,Alex,Chen,alex_chen216@gmail.com
217,Casey,Walker,casey_walker217@gmail.com
218,Shawn,Kim,shawn_kim218@gmail.com
219,Chris,Smith,chris_smith219@gmail.com
220,Casey,Young,casey_young220@gmail.com
221,Lee,Johnson,lee_johnson221@gmail.com
222,Quinn,Johnson,quinn_johnson222@gmail.com
223,Alex,Smith,alex_smith223@gmail.com
224,Drew,Clark,drew_clark224@gmail.com
225,Liam,Walker,liam_walker225@gmail.com
226,Robin,Wilson,robin_wilson226@gmail.com
227,Shawn,Robinson,shawn_robinson227@gmail.com
228,Jamie,Lewis,jamie_lewis228@gmail.com
229,Avery,Robinson,avery_robinson229@gmail.com
230,Jordan,Hernandez,jordan_hernandez230@gmail.com
231,Emma,Hernandez,emma_hernandez231@gmail.com
232,Noah,Garcia,noah_garcia232@gmail.com
233,Drew,Lee,drew_lee233@gmail.com
234,Emma,Park,emma_park234@gmail.com
235,Olivia,Park,olivia_park235@gmail.com
236,Jamie,Martinez,jamie_martinez236@gmail.com
237,Drew,Clark,drew_clark237@gmail.com
238,Parker,Wong,parker_wong238@gmail.com
239,Robin,Park,robin_park239@gmail.com
240,Olivia,Lopez,olivia_lopez240@gmail.com
241,Sam,Young,sam_young241@gmail.com
242,Alex,Wilson,alex_wilson242@gmail.com
243,Casey,Chen,casey_chen243@gmail.com
244,Pat,Garcia,pat_garcia244@gmail.com
245,Mia,Brown,mia_brown245@gmail.com
246,Casey,Clark,casey_clark246@gmail.com
247,Riley,Johnson,riley_johnson247@gmail.com
248,Chris,Young,chris_young248@gmail.com
249,Chris,Lopez,chris_lopez249@gmail.com
250,Taylor,Davis,taylor_davis250@gmail.com
251,Sam,Young,sam_young251@gmail.com
252,Devon,Chen,devon_chen252@gmail.com
253,Pat,Clark,pat_clark253@gmail.com
254,Parker,Kim,parker_kim254@gmail.com
255,Lee,Davis,lee_davis255@gmail.com
256,Emma,Walker,emma_walker256@gmail.com
257,Mia,Johnson,mia_johnson257@gmail.com
258,Isabella,Robinson,isabella_robinson258@gmail.com
259,Casey,Hernandez,casey_hernandez259@gmail.com
260,Devon,Chen,devon_chen260@gmail.com
261,Devon,Davis,devon_davis261@gmail.com
262,Sam,Lopez,sam_lopez262@gmail.com
263,Parker,Nguyen,parker_nguyen263@gmail.com
264,Lee,Lewis,lee_lewis264@gmail.com
265,Chris,Hernandez,chris_hernandez265@gmail.com
266,Avery,Young,avery_young266@gmail.com
267,Sam,Lopez,sam_lopez267@gmail.com
268,Chris,Park,chris_park268@gmail.com
269,Casey,Garcia,casey_garcia269@gmail.com
270,Reese,Lee,reese_lee270@gmail.com
271,Sophia,Park,sophia_park271@gmail.com
272,Sophia,Clark,sophia_clark272@gmail.com
273,Casey,Davis,casey_davis273@gmail.com
274,Jordan,Smith,jordan_smith274@gmail.com
275,Liam,Smith,liam_smith275@gmail.com
276,Alex,Park,alex_park276@gmail.com
277,Chris,Brown,chris_brown277@gmail.com
278,Shawn,Nguyen,shawn_nguyen278@gmail.com
279,Noah,Robinson,noah_robinson279@gmail.com
280,Lee,Brown,lee_brown280@gmail.com
281,Lee,Walker,lee_walker281@gmail.com
282,Avery,Davis,avery_davis282@gmail.com
283,Chris,Clark,chris_clark283@gmail.com
284,Alex,Walker,alex_walker284@gmail.com
285,Morgan,Walker,morgan_walker285@gmail.com
286,Devon,Wilson,devon_wilson286@gmail.com
287,Noah,Martinez,noah_martinez287@gmail.com
288,Sam,Brown,sam_brown288@gmail.com
289,Morgan,Garcia,morgan_garcia289@gmail.com
290,Liam,Johnson,liam_johnson290@gmail.com
291,Liam,Lee,liam_lee291@gmail.com
292,Quinn,Kim,quinn_kim292@gmail.com
293,Casey,Lewis,casey_lewis293@gmail.com
294,Sky,Brown,sky_brown294@gmail.com
295,Sky,Brown,sky_brown295@gmail.com
296,Pat,Lee,pat_lee296@gmail.com
297,Jordan,Kim,jordan_kim297@gmail.com
298,Isabella,Nguyen,isabella_nguyen298@gmail.com
299,Emma,Lee,emma_lee299@gmail.com
300,Isabella,Kim,isabella_kim300@gmail.com
